id,name,model_id:id,group_id:id,perm_read,perm_write,perm_create,perm_unlink

access_acad_applicants,aun.applicant,model_aun_applicant,group_admis_applicant,1,1,1,0
access_acad_student,aun.applicant,model_aun_applicant,group_registrar_student,1,0,0,0
access_acad_reg_reps,aun.applicant,model_aun_applicant,group_regional_reps,1,1,1,0
access_acad_staff,aun.applicant,model_aun_applicant,group_admis_staff,1,1,1,1

access_acad_guard_app,aun.guardian,model_aun_guardian,group_admis_applicant,1,1,1,1
access_acad_guard_reg_reps,aun.guardian,model_aun_guardian,group_regional_reps,1,1,1,1
access_acad_guard_reg,aun.guardian,model_aun_guardian,group_registrar_ass_registrar,1,1,1,1

access_app_test_app,applicant.test,model_applicant_test,group_admis_applicant,1,1,1,1
access_app_test_reg_reps,applicant.test,model_applicant_test,group_regional_reps,1,1,1,1

access_add_drop_app_student,add.drop.application,model_add_drop_application,group_registrar_student,1,1,1,1
access_add_drop_app_registrar,add.drop.application,model_add_drop_application,group_registrar_ass_registrar,1,1,1,1
access_add_drop_app_faculty,add.drop.application,model_add_drop_application,group_registrar_faculty,1,1,0,0
access_add_drop_app_dean,add.drop.application,model_add_drop_application,group_registrar_dean,1,1,0,0

access_test_name_app,test.name,model_test_name,group_admis_applicant,1,0,0,0
access_test_name_reg_reps,test.name,model_test_name,group_regional_reps,1,0,0,0
access_test_name_admis_staff,test.name,model_test_name,group_admis_staff,1,1,1,1

access_acceptance_password_app,acceptance.password,model_acceptance_password,group_admis_director,1,0,0,0

access_test_code_app,test.code,model_test_code,group_admis_applicant,1,0,0,0
access_test_code_registrar,test.code,model_test_code,group_registrar_ass_registrar,1,0,0,0
access_test_code_student,test.code,model_test_code,group_registrar_student,1,0,0,0
access_test_code_reg_reps,test.code,model_test_code,group_regional_reps,1,0,0,0
access_test_code_admis_staff,test.code,model_test_code,group_admis_staff,1,1,1,1

access_test_result_app,test.result,model_test_result,group_admis_applicant,1,1,1,1
access_test_result_reg_reps,test.result,model_test_result,group_regional_reps,1,1,1,1
access_test_result_admis_staff,test.result,model_test_result,group_admis_staff,1,1,1,1

access_acad_act_staff,aun.activity,model_aun_activity,group_admis_staff,1,1,1,1
access_acad_act_reg_reps,aun.activity,model_aun_activity,group_regional_reps,1,1,1,1
access_acad_act_app,aun.activity,model_aun_activity,group_admis_applicant,1,1,1,1

access_acad_high_app,aun.high.school,model_aun_high_school,group_admis_applicant,1,0,0,0
access_acad_high_reg_reps,aun.high.school,model_aun_high_school,group_regional_reps,1,1,1,0
access_acad_high_staff,aun.high.school,model_aun_high_school,group_admis_staff,1,1,1,1

access_acad_higha_app,aun.high.school.app,model_aun_high_school_app,group_admis_applicant,1,1,1,1
access_acad_higha_reg_reps,aun.high.school.app,model_aun_high_school_app,group_regional_reps,1,1,1,1

access_acad_term_admis_staff,aun.registrar.term,model_aun_registrar_term,group_admis_staff,1,1,0,0
access_acad_term_app,aun.registrar.term,model_aun_registrar_term,group_admis_applicant,1,0,0,0
access_acad_term_reg_reps,aun.registrar.term,model_aun_registrar_term,group_regional_reps,1,0,0,0
access_acad_term_housing_staff,aun.registrar.term,model_aun_registrar_term,group_housing_staff,1,1,0,0
access_acad_term_housing_rd,aun.registrar.term,model_aun_registrar_term,group_housing_res_director,1,0,0,0
access_acad_term_housing_dir,aun.registrar.term,model_aun_registrar_term,group_housing_director,1,1,0,0
access_acad_term_student,aun.registrar.term,model_aun_registrar_term,group_registrar_student,1,0,0,0
access_acad_term_faculty,aun.registrar.term,model_aun_registrar_term,group_registrar_faculty,1,0,0,0
access_acad_term_registrar,aun.registrar.term,model_aun_registrar_term,group_registrar_registrar,1,1,1,1
access_acad_term_dean,aun.registrar.term,model_aun_registrar_term,group_registrar_dean,1,0,0,0
access_acad_term_asst_reg,aun.registrar.term,model_aun_registrar_term,group_registrar_ass_registrar,1,0,0,0
access_acad_term_charge,aun.registrar.term,model_aun_registrar_term,group_student_charge,1,0,0,0
access_acad_term_advisor,aun.registrar.term,model_aun_registrar_term,group_academic_advisor,1,0,0,0
access_acad_term_support,aun.registrar.term,model_aun_registrar_term,group_support,1,0,0,0

access_acad_ctype_asst_reg,course.type,model_course_type,group_registrar_ass_registrar,1,1,1,0
access_acad_ctype_advisor,course.type,model_course_type,group_academic_advisor,1,0,0,0
access_acad_ctype_student,course.type,model_course_type,group_registrar_student,1,0,0,0

access_acad_guardian_student,res.guardian,model_res_guardian,group_registrar_student,1,0,0,0
access_acad_guardian_dean,res.guardian,model_res_guardian,group_registrar_dean,1,0,0,0
access_acad_guardian_advisor,res.guardian,model_res_guardian,group_academic_advisor,1,0,0,0
access_acad_guardian_asst_reg,res.guardian,model_res_guardian,group_registrar_ass_registrar,1,1,1,1

access_acad_tinfo_asst_reg,transfer.info,model_transfer_info,group_registrar_ass_registrar,1,1,1,1
access_acad_tinfo_dean,transfer.info,model_transfer_info,group_registrar_dean,1,0,0,0
access_acad_tinfo_student,transfer.info,model_transfer_info,group_registrar_student,1,0,0,0

access_acad_ti_asst_reg,transfer.institution,model_transfer_institution,group_registrar_ass_registrar,1,1,1,0
access_acad_ti_student,transfer.institution,model_transfer_institution,group_registrar_student,1,0,0,0
access_acad_ti_advisor,transfer.institution,model_transfer_institution,group_academic_advisor,1,0,0,0

access_acad_tc_asst_reg,transfer.course,model_transfer_course,group_registrar_ass_registrar,1,1,1,1
access_acad_tc_dean,transfer.course,model_transfer_course,group_registrar_dean,1,0,0,0
access_acad_tc_student,transfer.course,model_transfer_course,group_registrar_student,1,0,0,0

access_acad_tce_asst_reg,transfer.course.equivalent,model_transfer_course_equivalent,group_registrar_ass_registrar,1,1,1,1
access_acad_tce_student,transfer.course.equivalent,model_transfer_course_equivalent,group_registrar_student,1,0,0,0
access_acad_tce_advisor,transfer.course.equivalent,model_transfer_course_equivalent,group_academic_advisor,1,0,0,0
access_acad_tce_dean,transfer.course.equivalent,model_transfer_course_equivalent,group_registrar_dean,1,0,0,0
access_acad_tce_faculty,transfer.course.equivalent,model_transfer_course_equivalent,group_registrar_faculty,1,1,0,0

access_acad_catcourse_asst_reg,category.course,model_category_course,group_registrar_ass_registrar,1,1,1,1
access_acad_catcourse_student,category.course,model_category_course,group_registrar_student,1,0,0,0
access_acad_catcourse_dean,category.course,model_category_course,group_registrar_dean,1,0,0,0
access_acad_catcourse_advisor,category.course,model_category_course,group_academic_advisor,1,0,0,0

access_transcript_course_app_app,transcript.course.app,model_transcript_course_app,group_admis_applicant,1,1,1,1
access_transcript_course_app_reg_reps,transcript.course.app,model_transcript_course_app,group_regional_reps,1,1,1,1

access_transcript_course_app,transcript.course,model_transcript_course,group_admis_applicant,1,0,0,0
access_transcript_course_reg_reps,transcript.course,model_transcript_course,group_regional_reps,1,0,0,0
access_transcript_course_staff,transcript.course,model_transcript_course,group_admis_staff,1,1,1,1

access_acad_student_registrar,res.partner,model_res_partner,group_registrar_ass_registrar,1,1,0,0
access_acad_stud_student,res.partner,model_res_partner,group_registrar_student,1,0,0,0
access_acad_stud_applicant,res.partner,model_res_partner,group_admis_applicant,1,0,0,0
access_acad_stud_faculty,res.partner,model_res_partner,group_registrar_faculty,1,1,0,0
access_acad_stud_dean,res.partner,model_res_partner,group_registrar_dean,1,0,0,0
access_acad_stud_reg_reps,res.partner,model_res_partner,group_regional_reps,1,0,0,0
access_acad_stud_housing,res.partner,model_res_partner,group_housing_staff,1,0,0,0
access_acad_stud_advisor,res.partner,model_res_partner,group_academic_advisor,1,0,0,0
access_student_campus_store,res.partner,model_res_partner,group_campus_store,1,0,0,0

access_subject_student,course.subject,model_course_subject,group_registrar_student,1,0,0,0
access_subject_faculty,course.subject,model_course_subject,group_registrar_faculty,1,0,0,0
access_subject_dean,course.subject,model_course_subject,group_registrar_dean,1,0,0,0
access_subject_asst_registrar,course.subject,model_course_subject,group_registrar_ass_registrar,1,1,1,1
access_subject_advisor,course.subject,model_course_subject,group_academic_advisor,1,0,0,0

access_add_drop_approval_registrar,add.drop.approval,model_add_drop_approval,group_registrar_ass_registrar,1,1,0,0
access_add_drop_approval_student,add.drop.approval,model_add_drop_approval,group_registrar_student,1,1,0,0
access_add_drop_approval_faculty,add.drop.approval,model_add_drop_approval,group_registrar_faculty,1,1,0,0
access_add_drop_approval_dean,add.drop.approval,model_add_drop_approval,group_registrar_dean,1,1,0,0

access_add_drop_manager_registrar,add.drop.manager,model_add_drop_manager,group_registrar_registrar,1,1,1,1
access_add_drop_manager_ass_reg,add.drop.manager,model_add_drop_manager,group_registrar_ass_registrar,1,0,0,0
access_add_drop_manager_faculty,add.drop.manager,model_add_drop_manager,group_registrar_faculty,1,1,0,0
access_add_drop_manager_dean,add.drop.manager,model_add_drop_manager,group_registrar_dean,1,1,0,0

access_override_manager_registrar,override.manager,model_override_manager,group_registrar_registrar,1,1,1,1
access_override_manager_faculty,override.manager,model_override_manager,group_registrar_faculty,1,1,0,0
access_override_manager_dean,override.manager,model_override_manager,group_registrar_dean,1,1,0,0
access_override_manager_asst_reg,override.manager,model_override_manager,group_registrar_ass_registrar,1,0,0,0

access_override_approval_registrar,override.approval,model_override_approval,group_registrar_ass_registrar,1,1,0,0
access_override_approval_student,override.approval,model_override_approval,group_registrar_student,1,1,0,0
access_override_approval_faculty,override.approval,model_override_approval,group_registrar_faculty,1,1,0,0
access_override_approval_dean,override.approval,model_override_approval,group_registrar_dean,1,1,0,0

access_overload_registrar,course.overload,model_course_overload,group_registrar_ass_registrar,1,1,1,1
access_overload_dean,course.overload,model_course_overload,group_registrar_dean,1,1,1,1
access_overload_student,course.overload,model_course_overload,group_registrar_student,1,0,0,0

access_overload_manager_registrar,overload.manager,model_overload_manager,group_registrar_registrar,1,1,1,1
access_overload_manager_asst_reg,overload.manager,model_overload_manager,group_registrar_ass_registrar,1,0,0,0
access_overload_manager_dean,overload.manager,model_overload_manager,group_registrar_dean,1,1,0,0

access_overload_approval_registrar,overload.approval,model_overload_approval,group_registrar_ass_registrar,1,1,0,0
access_overload_approval_student,overload.approval,model_overload_approval,group_registrar_student,1,1,0,0
access_overload_approval_dean,overload.approval,model_overload_approval,group_registrar_dean,1,1,0,0

access_mail_message_applicant,mail.message,mail.model_mail_message,group_admis_applicant,1,0,1,1

access_acad_notification_applicant,mail.notification,mail.model_mail_notification,group_admis_applicant,1,1,0,0

access_email_template_applicant,email.template,email_template.model_email_template,group_admis_applicant,0,0,0,0
access_email_template_reg_reps,email.template,email_template.model_email_template,group_regional_reps,0,0,0,0
access_email_template_admission,email.template,email_template.model_email_template,group_admis_staff,1,1,0,0
access_email_template_registrar,email.template,email_template.model_email_template,group_registrar_registrar,1,1,0,0
access_email_template_housing,email.template,email_template.model_email_template,group_housing_staff,1,1,0,0
access_email_template_student,email.template,email_template.model_email_template,group_registrar_student,0,0,0,0
access_email_template_housing,email.template,email_template.model_email_template,group_housing_staff,1,1,0,0

access_acad_stud_status,registrar.status,model_registrar_status,group_registrar_student,1,0,0,0
access_acad_stud_admis,registrar.status,model_registrar_status,group_admis_staff,1,0,0,0
access_acad_dean_status,registrar.status,model_registrar_status,group_registrar_dean,1,0,0,0
access_acad_reg_status,registrar.status,model_registrar_status,group_registrar_ass_registrar,1,1,1,1
access_acad_support_status,registrar.status,model_registrar_status,group_support,1,0,0,0
access_acad_housing_status,registrar.status,model_registrar_status,group_housing_staff,1,0,0,0
access_acad_charge_status,registrar.status,model_registrar_status,group_student_charge,1,0,0,0
access_acad_status_advisor,registrar.status,model_registrar_status,group_academic_advisor,1,0,0,0

access_acad_asst_reg_inst_honors,institutional.honors,model_institutional_honors,group_registrar_ass_registrar,1,1,1,1
access_acad_student_inst_honors,institutional.honors,model_institutional_honors,group_registrar_student,1,0,0,0
access_acad_dean_inst_honors,institutional.honors,model_institutional_honors,group_registrar_dean,1,0,0,0
access_acad_admis_inst_honors,institutional.honors,model_institutional_honors,group_admis_staff,1,0,0,0

access_acad_cat_registrar,aun.registrar.catalogue,model_aun_registrar_catalogue,group_registrar_ass_registrar,1,1,1,0
access_acad_cat_student,aun.registrar.catalogue,model_aun_registrar_catalogue,group_registrar_student,1,0,0,0
access_acad_cat_advisor,aun.registrar.catalogue,model_aun_registrar_catalogue,group_academic_advisor,1,0,0,0

access_acad_course_registrar,aun.registrar.course,model_aun_registrar_course,group_registrar_ass_registrar,1,1,1,1
access_acad_course_dean,aun.registrar.course,model_aun_registrar_course,group_registrar_dean,1,0,0,0
access_acad_course_faculty,aun.registrar.course,model_aun_registrar_course,group_registrar_faculty,1,0,0,0
access_acad_course_student,aun.registrar.course,model_aun_registrar_course,group_registrar_student,1,0,0,0
access_acad_course_advisor,aun.registrar.course,model_aun_registrar_course,group_academic_advisor,1,0,0,0

access_acad_major_registrar,aun.registrar.major,model_aun_registrar_major,group_registrar_ass_registrar,1,1,1,1
access_acad_major_dean,aun.registrar.major,model_aun_registrar_major,group_registrar_dean,1,1,1,1
access_acad_major_faculty,aun.registrar.major,model_aun_registrar_major,group_registrar_faculty,1,0,0,0
access_acad_major_student,aun.registrar.major,model_aun_registrar_major,group_registrar_student,1,0,0,0
access_acad_major_admis_reg_reps,aun.registrar.major,model_aun_registrar_major,group_regional_reps,1,0,0,0
access_acad_major_admis_app,aun.registrar.major,model_aun_registrar_major,group_admis_applicant,1,0,0,0
access_acad_major_advisor,aun.registrar.major,model_aun_registrar_major,group_academic_advisor,1,0,0,0

access_acad_duration_registrar,aun.registrar.duration,model_aun_registrar_duration,group_registrar_ass_registrar,1,1,1,0
access_acad_duration_faculty,aun.registrar.duration,model_aun_registrar_duration,group_registrar_faculty,1,0,0,0
access_acad_duration_student,aun.registrar.duration,model_aun_registrar_duration,group_registrar_student,1,0,0,0
access_acad_duration_dean,aun.registrar.duration,model_aun_registrar_duration,group_registrar_dean,1,0,0,0
access_acad_duration_advisor,aun.registrar.duration,model_aun_registrar_duration,group_academic_advisor,1,0,0,0

access_acad_emp_student,hr.employee,hr.model_hr_employee,group_registrar_student,1,0,0,0

access_acad_location_registrar,aun.registrar.location,model_aun_registrar_location,group_registrar_ass_registrar,1,1,1,0
access_acad_location_faculty,aun.registrar.location,model_aun_registrar_location,group_registrar_faculty,1,0,0,0
access_acad_location_student,aun.registrar.location,model_aun_registrar_location,group_registrar_student,1,0,0,0
access_acad_location_dean,aun.registrar.location,model_aun_registrar_location,group_registrar_dean,1,0,0,0
access_acad_location_staff,aun.registrar.location,model_aun_registrar_location,group_housing_staff,1,1,1,0
access_acad_location_rd,aun.registrar.location,model_aun_registrar_location,group_housing_res_director,1,0,0,0
access_acad_location_dr,aun.registrar.location,model_aun_registrar_location,group_housing_director,1,0,0,0
access_acad_location_bursary_staff,aun.registrar.location,model_aun_registrar_location,group_bursary_staff,1,0,0,0
access_acad_location_advisor,aun.registrar.location,model_aun_registrar_location,group_academic_advisor,1,0,0,0

access_acad_section_registrar,aun.registrar.section,model_aun_registrar_section,group_registrar_ass_registrar,1,1,1,1
access_acad_section_dean,aun.registrar.section,model_aun_registrar_section,group_registrar_dean,1,0,0,0
access_acad_section_faculty,aun.registrar.section,model_aun_registrar_section,group_registrar_faculty,1,0,0,0
access_acad_section_student,aun.registrar.section,model_aun_registrar_section,group_registrar_student,1,0,0,0
access_acad_section_faculty,aun.registrar.section,model_aun_registrar_section,group_registrar_faculty,1,0,0,0
access_acad_section_advisor,aun.registrar.section,model_aun_registrar_section,group_academic_advisor,1,0,0,0

access_acad_enr_registrar,aun.registrar.enrollment,model_aun_registrar_enrollment,group_registrar_ass_registrar,1,1,1,1
access_acad_enr_dean,aun.registrar.enrollment,model_aun_registrar_enrollment,group_registrar_dean,1,1,1,0
access_acad_enr_student,aun.registrar.enrollment,model_aun_registrar_enrollment,group_registrar_student,1,0,1,1
access_acad_enr_faculty,aun.registrar.enrollment,model_aun_registrar_enrollment,group_registrar_faculty,1,1,0,0
access_acad_enr_advisor,aun.registrar.enrollment,model_aun_registrar_enrollment,group_academic_advisor,1,0,0,0

access_acad_override_registrar,aun.registrar.override,model_aun_registrar_override,group_registrar_ass_registrar,1,1,1,1
access_acad_override_dean,aun.registrar.override,model_aun_registrar_override,group_registrar_dean,1,1,1,1
access_acad_override_faculty,aun.registrar.override,model_aun_registrar_override,group_registrar_faculty,1,1,0,0
access_acad_override_student,aun.registrar.override,model_aun_registrar_override,group_registrar_student,1,1,1,1

access_student_bank,res.partner.bank,base.model_res_partner_bank,group_registrar_student,1,0,0,0

access_student_state_reg,student.state,model_student_state,group_registrar_ass_registrar,1,0,0,0
access_student_state_stud,student.state,model_student_state,group_registrar_student,1,0,0,0
access_student_state_dean,student.state,model_student_state,group_registrar_dean,1,0,0,0

access_acad_program_registrar,registrar.program,model_registrar_program,group_registrar_ass_registrar,1,1,1,0
access_acad_program_student,registrar.program,model_registrar_program,group_registrar_student,1,0,0,0
access_acad_program_dean,registrar.program,model_registrar_program,group_registrar_dean,1,0,0,0
access_acad_program_advisor,registrar.program,model_registrar_program,group_academic_advisor,1,0,0,0

access_acad_honors_registrar,registrar.honors,model_registrar_honors,group_registrar_ass_registrar,1,1,1,1
access_acad_honors_dean,registrar.honors,model_registrar_honors,group_registrar_dean,1,0,0,0
access_acad_honors_student,registrar.honors,model_registrar_honors,group_registrar_student,1,0,0,0
access_acad_honors_advisor,registrar.honors,model_registrar_honors,group_academic_advisor,1,0,0,0

access_acad_concentration_registrar,registrar.concentration,model_registrar_concentration,group_registrar_ass_registrar,1,1,1,1
access_acad_concentration_dean,registrar.concentration,model_registrar_concentration,group_registrar_dean,1,0,0,0
access_acad_concentration_faculty,registrar.concentration,model_registrar_concentration,group_registrar_faculty,1,0,0,0
access_acad_concentration_student,registrar.concentration,model_registrar_concentration,group_registrar_student,1,0,0,0
access_acad_concentration_advisor,registrar.concentration,model_registrar_concentration,group_academic_advisor,1,0,0,0

access_acad_corequisite_registrar,registrar.corequisite,model_registrar_corequisite,group_registrar_ass_registrar,1,1,1,1
access_acad_corequisite_student,registrar.corequisite,model_registrar_corequisite,group_registrar_student,1,0,0,0
access_acad_corequisite_faculty,registrar.corequisite,model_registrar_corequisite,group_registrar_faculty,1,0,0,0
access_acad_corequisite_dean,registrar.corequisite,model_registrar_corequisite,group_registrar_dean,1,0,0,0
access_acad_corequisite_advisor,registrar.corequisite,model_registrar_corequisite,group_academic_advisor,1,0,0,0

access_acad_cat_prerequisite_registrar,aun.registrar.cat.prerequisite,model_aun_registrar_cat_prerequisite,group_registrar_ass_registrar,1,1,1,1
access_acad_cat_prerequisite_student,aun.registrar.cat.prerequisite,model_aun_registrar_cat_prerequisite,group_registrar_student,1,0,0,0
access_acad_cat_prerequisite_faculty,aun.registrar.cat.prerequisite,model_aun_registrar_cat_prerequisite,group_registrar_faculty,1,0,0,0
access_acad_cat_prerequisite_dean,aun.registrar.cat.prerequisite,model_aun_registrar_cat_prerequisite,group_registrar_dean,1,0,0,0
access_acad_cat_prerequisite_advisor,aun.registrar.cat.prerequisite,model_aun_registrar_cat_prerequisite,group_academic_advisor,1,0,0,0

access_acad_level_term_defaults_registrar,aun.level.term.defaults,model_aun_level_term_defaults,group_registrar_ass_registrar,1,1,1,1

access_acad_term_term_student,aun.term.term,model_aun_term_term,group_registrar_student,1,0,0,0
access_acad_term_term_housing,aun.term.term,model_aun_term_term,group_housing_staff,1,0,0,0
access_acad_term_term_rd,aun.term.term,model_aun_term_term,group_housing_res_director,1,0,0,0
access_acad_term_term_dr,aun.term.term,model_aun_term_term,group_housing_director,1,0,0,0
access_acad_term_term_registrar,aun.term.term,model_aun_term_term,group_registrar_ass_registrar,1,1,1,1
access_acad_term_term_faculty,aun.term.term,model_aun_term_term,group_registrar_faculty,1,0,0,0
access_acad_term_term_dean,aun.term.term,model_aun_term_term,group_registrar_dean,1,0,0,0
access_acad_term_term_admis_staff,aun.term.term,model_aun_term_term,group_regional_reps,1,0,0,0
access_acad_term_term_advisor,aun.term.term,model_aun_term_term,group_academic_advisor,1,0,0,0

access_settings_registrar,registrar.settings,model_registrar_settings,group_registrar_registrar,1,1,0,0
access_settings_admission,admission.settings,model_admission_settings,group_admis_staff,1,1,0,0

access_acad_school_registrar,aun.registrar.school,model_aun_registrar_school,group_registrar_ass_registrar,1,1,1,1
access_acad_school_dean,aun.registrar.school,model_aun_registrar_school,group_registrar_dean,1,1,1,1
access_acad_school_faculty,aun.registrar.school,model_aun_registrar_school,group_registrar_faculty,1,0,0,0
access_acad_school_advisor,aun.registrar.school,model_aun_registrar_school,group_academic_advisor,1,0,0,0
access_acad_school_student,aun.registrar.school,model_aun_registrar_school,group_registrar_student,1,0,0,0

access_acad_major_course_registrar,aun.registrar.major.course,model_aun_registrar_major_course,group_registrar_ass_registrar,1,1,1,1
access_acad_major_course_dean,aun.registrar.major.course,model_aun_registrar_major_course,group_registrar_dean,1,0,0,0
access_acad_major_course_faculty,aun.registrar.major.course,model_aun_registrar_major_course,group_registrar_faculty,1,0,0,0
access_acad_major_course_student,aun.registrar.major.course,model_aun_registrar_major_course,group_registrar_student,1,0,0,0
access_acad_major_course_applicant,aun.registrar.major.course,model_aun_registrar_major_course,group_admis_applicant,1,0,0,0
access_acad_major_course_reg_reps,aun.registrar.major.course,model_aun_registrar_major_course,group_regional_reps,1,0,0,0
access_acad_major_course_advisor,aun.registrar.major.course,model_aun_registrar_major_course,group_academic_advisor,1,0,0,0

access_acad_category_registrar,registrar.category,model_registrar_category,group_registrar_ass_registrar,1,1,1,1
access_acad_category_student,registrar.category,model_registrar_category,group_registrar_student,1,0,0,0

access_acad_cat_category_registrar,registrar.cat.category,model_registrar_cat_category,group_registrar_ass_registrar,1,1,1,1
access_acad_cat_category_dean,registrar.cat.category,model_registrar_cat_category,group_registrar_dean,1,1,1,1
access_acad_cat_category_student,registrar.cat.category,model_registrar_cat_category,group_registrar_student,1,0,0,0
access_acad_cat_category_advisor,registrar.cat.category,model_registrar_cat_category,group_academic_advisor,1,0,0,0

access_acad_fs_registrar,aun.faculty.section,model_aun_faculty_section,group_registrar_ass_registrar,1,1,1,1
access_acad_fs_faculty,aun.faculty.section,model_aun_faculty_section,group_registrar_faculty,1,0,0,0
access_acad_fs_student,aun.faculty.section,model_aun_faculty_section,group_registrar_student,1,0,0,0
access_acad_fs_dean,aun.faculty.section,model_aun_faculty_section,group_registrar_dean,1,1,1,1
access_acad_fs_advisor,aun.faculty.section,model_aun_faculty_section,group_academic_advisor,1,0,0,0

access_acad_sl_registrar,section.lab,model_section_lab,group_registrar_ass_registrar,1,1,1,1
access_acad_sl_faculty,section.lab,model_section_lab,group_registrar_faculty,1,0,0,0
access_acad_sl_student,section.lab,model_section_lab,group_registrar_student,1,0,0,0
access_acad_sl_dean,section.lab,model_section_lab,group_registrar_dean,1,1,1,1
access_acad_sl_advisor,section.lab,model_section_lab,group_academic_advisor,1,0,0,0

access_acad_pur_dean,purchase.requisition,purchase_requisition.model_purchase_requisition,group_registrar_dean,1,1,1,0
access_acad_product_student,product.product,product.model_product_product,group_registrar_student,1,0,0,0

access_acad_inv_student,account.invoice.line,account.model_account_invoice_line,group_registrar_student,1,1,1,0
access_acad_inv_dean,account.invoice.line,account.model_account_invoice_line,group_registrar_dean,1,1,1,0
access_acad_inv_reg,account.invoice.line,account.model_account_invoice_line,group_registrar_ass_registrar,1,1,1,0

access_acad_invoice_student,account.invoice,account.model_account_invoice,group_registrar_student,1,1,1,0
access_acad_invoice_dean,account.invoice,account.model_account_invoice,group_registrar_dean,1,1,1,0

access_acad_journal_student,account.journal,account.model_account_journal,group_registrar_student,1,0,0,0
access_acad_journal_dean,account.journal.line,account.model_account_journal,group_registrar_dean,1,0,0,0
access_acad_fiscalyear_student,account.fiscalyear,account.model_account_fiscalyear,group_registrar_student,1,0,0,0

access_acad_preq_course_registrar,aun.registrar.course.prerequisite,model_aun_registrar_course_prerequisite,group_registrar_ass_registrar,1,1,1,1
access_acad_preq_course_faculty,aun.registrar.course.prerequisite,model_aun_registrar_course_prerequisite,group_registrar_faculty,1,0,0,0
access_acad_preq_course_student,aun.registrar.course.prerequisite,model_aun_registrar_course_prerequisite,group_registrar_student,1,0,0,0
access_acad_preq_course_dean,aun.registrar.course.prerequisite,model_aun_registrar_course_prerequisite,group_registrar_dean,1,1,1,1
access_acad_preq_course_advisor,aun.registrar.course.prerequisite,model_aun_registrar_course_prerequisite,group_academic_advisor,1,0,0,0

access_level_registrar,aun.registrar.level,model_aun_registrar_level,group_registrar_registrar,1,1,1,0
access_level_asst_registrar,aun.registrar.level,model_aun_registrar_level,group_registrar_ass_registrar,1,0,0,0
access_level_dean,aun.registrar.level,model_aun_registrar_level,group_registrar_dean,1,0,0,0
access_level_faculty,aun.registrar.level,model_aun_registrar_level,group_registrar_faculty,1,0,0,0
access_level_reg_reps,aun.registrar.level,model_aun_registrar_level,group_regional_reps,1,0,0,0
access_level_admis_app,aun.registrar.level,model_aun_registrar_level,group_admis_applicant,1,0,0,0
access_level_student,aun.registrar.level,model_aun_registrar_level,group_registrar_student,1,0,0,0
access_level_advisor,aun.registrar.level,model_aun_registrar_level,group_academic_advisor,1,0,0,0
access_level_support,aun.registrar.level,model_aun_registrar_level,group_support,1,0,0,0

access_finalgrades_registrar,aun.student.finalgrades,model_aun_student_finalgrades,group_registrar_ass_registrar,1,1,1,1
access_finalgrades_faculty,aun.student.finalgrades,model_aun_student_finalgrades,group_registrar_faculty,1,1,1,1
access_finalgrades_advisor,aun.student.finalgrades,model_aun_student_finalgrades,group_academic_advisor,1,0,0,0
access_finalgrades_student,aun.student.finalgrades,model_aun_student_finalgrades,group_registrar_student,1,0,0,0
access_finalgrades_dean,aun.student.finalgrades,model_aun_student_finalgrades,group_registrar_dean,1,0,0,0

access_gpa_asst_registrar,gpa.info,model_gpa_info,group_registrar_ass_registrar,1,0,0,0
access_gpa_advisor,gpa.info,model_gpa_info,group_academic_advisor,1,0,0,0
access_gpa_faculty,gpa.info,model_gpa_info,group_registrar_faculty,1,0,0,0
access_gpa_student,gpa.info,model_gpa_info,group_registrar_student,1,0,0,0
access_gpa_dean,gpa.info,model_gpa_info,group_registrar_dean,1,0,0,0

access_level_gpa_asst_reg,level.gpa,model_level_gpa,group_registrar_ass_registrar,1,0,0,0
access_level_gpa_advisor,level.gpa,model_level_gpa,group_academic_advisor,1,0,0,0
access_level_gpa_student,level.gpa,model_level_gpa,group_registrar_student,1,0,0,0
access_level_gpa_dean,level.gpa,model_level_gpa,group_registrar_dean,1,0,0,0

access_grade_registrar,aun.registrar.grade,model_aun_registrar_grade,group_registrar_registrar,1,1,1,0
access_grade_student,aun.registrar.grade,model_aun_registrar_grade,group_registrar_student,1,0,0,0
access_grade_asst_registrar,aun.registrar.grade,model_aun_registrar_grade,group_registrar_ass_registrar,1,0,0,0
access_grade_faculty,aun.registrar.grade,model_aun_registrar_grade,group_registrar_faculty,1,0,0,0
access_grade_dean,aun.registrar.grade,model_aun_registrar_grade,group_registrar_dean,1,0,0,0
access_grade_advisor,aun.registrar.grade,model_aun_registrar_grade,group_academic_advisor,1,0,0,0

access_ir_actions_report_registrar,ir.actions.report.xml,base.model_ir_actions_report_xml,group_registrar_ass_registrar,1,1,0,0

access_grademode_registrar,aun.registrar.grademode,model_aun_registrar_grademode,group_registrar_registrar,1,1,1,0
access_grademode_asst_registrar,aun.registrar.grademode,model_aun_registrar_grademode,group_registrar_ass_registrar,1,0,0,0
access_grademode_advisor,aun.registrar.grademode,model_aun_registrar_grademode,group_academic_advisor,1,0,0,0
access_grademode_student,aun.registrar.grademode,model_aun_registrar_grademode,group_registrar_student,1,0,0,0

access_repeat_registrar,aun.registrar.repeat,model_aun_registrar_repeat,group_registrar_registrar,1,1,1,1
access_repeat_asst_registrar,aun.registrar.repeat,model_aun_registrar_repeat,group_registrar_ass_registrar,1,0,0,0
access_repeat_faculty,aun.registrar.repeat,model_aun_registrar_repeat,group_registrar_faculty,1,0,0,0
access_repeat_dean,aun.registrar.repeat,model_aun_registrar_repeat,group_registrar_dean,1,0,0,0
access_repeat_student,aun.registrar.repeat,model_aun_registrar_repeat,group_registrar_student,1,0,0,0
access_repeat_advisor,aun.registrar.repeat,model_aun_registrar_repeat,group_academic_advisor,1,0,0,0

access_applicant_type_reg_reps,aun.applicant.type,model_aun_applicant_type,group_regional_reps,1,0,0,0
access_applicant_type_admis_staff,aun.applicant.type,model_aun_applicant_type,group_admis_staff,1,1,1,0

access_application_type_app,aun.application.type,model_aun_application_type,group_admis_applicant,1,0,0,0
access_application_type_reg_reps,aun.application.type,model_aun_application_type,group_regional_reps,1,0,0,0
access_application_type_staff,aun.application.type,model_aun_application_type,group_admis_staff,1,1,1,0

access_standing_registrar,aun.registrar.standing,model_aun_registrar_standing,group_registrar_ass_registrar,1,1,1,1
access_standing_student,aun.registrar.standing,model_aun_registrar_standing,group_registrar_student,1,0,0,0
access_standing_advisor,aun.registrar.standing,model_aun_registrar_standing,group_academic_advisor,1,0,0,0
access_standing_dean,aun.registrar.standing,model_aun_registrar_standing,group_registrar_dean,1,0,0,0
access_standing_faculty,aun.registrar.standing,model_aun_registrar_standing,group_registrar_faculty,1,0,0,0
access_standing_support,aun.registrar.standing,model_aun_registrar_standing,group_support,1,0,0,0

access_standing_rules_registrar,aun.registrar.standing.rules,model_aun_registrar_standing_rules,group_registrar_registrar,1,1,1,0
access_standing_rules_asst_registrar,aun.registrar.standing.rules,model_aun_registrar_standing_rules,group_registrar_ass_registrar,1,0,0,0

access_add_drop_student,aun.add.drop,model_aun_add_drop,group_registrar_student,1,1,1,1
access_add_drop_registrar,aun.add.drop,model_aun_add_drop,group_registrar_ass_registrar,1,1,1,1
access_add_drop_dean,aun.add.drop,model_aun_add_drop,group_registrar_dean,1,1,0,0

access_hold_registrar,aun.registrar.hold,model_aun_registrar_hold,group_registrar_ass_registrar,1,0,0,0
access_hold_admissions,aun.registrar.hold,model_aun_registrar_hold,group_admis_staff,1,0,0,0
access_hold_student,aun.registrar.hold,model_aun_registrar_hold,group_registrar_student,1,0,0,0
access_hold_dean,aun.registrar.hold,model_aun_registrar_hold,group_registrar_dean,1,0,0,0
access_hold_bursar,aun.registrar.hold,model_aun_registrar_hold,group_bursary_staff,1,0,0,0
access_hold_advisor,aun.registrar.hold,model_aun_registrar_hold,group_academic_advisor,1,0,0,0

access_hold_assgnmt_ass_registrar,aun.registrar.hold.assignment,model_aun_registrar_hold_assignment,group_registrar_ass_registrar,1,1,1,1
access_hold_assgnmt_student,aun.registrar.hold.assignment,model_aun_registrar_hold_assignment,group_registrar_student,1,0,0,0
access_hold_assgnmt_dean,aun.registrar.hold.assignment,model_aun_registrar_hold_assignment,group_registrar_dean,1,0,0,0
access_hold_assgnmt_admissions,aun.registrar.hold.assignment,model_aun_registrar_hold_assignment,group_admis_staff,1,1,1,1
access_hold_assgnmt_bursar,aun.registrar.hold.assignment,model_aun_registrar_hold_assignment,group_bursary_staff,1,1,1,1
access_hold_assgnmt_advisor,aun.registrar.hold.assignment,model_aun_registrar_hold_assignment,group_academic_advisor,1,1,1,1

access_hold_run_advisor,hold.run,model_hold_run,group_academic_advisor,1,1,1,1
access_hold_run_registrar,hold.run,model_hold_run,group_registrar_ass_registrar,1,1,1,1
access_hold_run_admis,hold.run,model_hold_run,group_admis_staff,1,1,1,1

access_housing_reserve_student,housing.room.students,model_housing_room_students,group_registrar_student,1,1,1,0
access_housing_reserve_staff,housing.room.students,model_housing_room_students,group_housing_staff,1,1,1,0
access_housing_reserve_rd,housing.room.students,model_housing_room_students,group_housing_res_director,1,1,0,0
access_housing_reserve_dr,housing.room.students,model_housing_room_students,group_housing_director,1,0,0,0
access_housing_reserve_bursar,housing.room.students,model_housing_room_students,group_bursary_staff,1,0,0,0

access_building_student,res.building,model_res_building,group_registrar_student,1,0,0,0
access_building_rd,res.building,model_res_building,group_housing_res_director,1,0,0,0
access_building_bursar,res.building,model_res_building,group_bursary_staff,1,0,0,0
access_building_dr,res.building,model_res_building,group_housing_director,1,0,0,0
access_building_staff,res.building,model_res_building,group_housing_staff,1,1,1,0

access_campus_student,res.campus,model_res_campus,group_registrar_student,1,0,0,0
access_campus_staff,res.campus,model_res_campus,group_housing_staff,1,0,0,0

access_room_type_student,housing.room.type,model_housing_room_type,group_registrar_student,1,0,0,0
access_room_type_staff,housing.room.type,model_housing_room_type,group_housing_staff,1,1,1,0
access_room_type_rd,housing.room.type,model_housing_room_type,group_housing_res_director,1,0,0,0
access_room_type_dr,housing.room.type,model_housing_room_type,group_housing_director,1,0,0,0
access_room_type_bursar,housing.room.type,model_housing_room_type,group_bursary_staff,1,0,0,0

access_meal_type_student,housing.meal.type,model_housing_meal_type,group_registrar_student,1,0,0,0
access_meal_type_bursar,housing.meal.type,model_housing_meal_type,group_bursary_staff,1,0,0,0
access_meal_type_staff,housing.meal.type,model_housing_meal_type,group_housing_staff,1,1,1,0

access_housing_res_director_staff,access_housing_res_director,model_housing_res_director,group_housing_staff,1,1,1,1

access_res_user_support,res.users,base.model_res_users,group_support,1,1,1,0
access_res_user_student,res.users,base.model_res_users,group_registrar_student,1,0,0,0

access_transcript_request_student,transcript.request,model_transcript_request,group_registrar_student,1,1,1,0
access_transcript_request_registrar,transcript.request,model_transcript_request,group_registrar_ass_registrar,1,1,1,0

access_term_clearance_student,term.clearance,model_term_clearance,group_registrar_student,1,1,1,0
access_term_clearance_dean,term.clearance,model_term_clearance,group_registrar_dean,1,0,1,0
access_term_clearance_registrar,term.clearance,model_term_clearance,group_registrar_ass_registrar,1,0,1,0
access_term_clearance_bursar,term.clearance,model_term_clearance,group_bursary_staff,1,1,0,0

access_student_account_student,student.account,model_student_account,group_registrar_student,1,0,0,0
access_student_account_dean,student.account,model_student_account,group_registrar_dean,1,0,0,0
access_student_account_charge,student.account,model_student_account,group_student_charge,1,1,0,0

access_fee_structure_bursary_staff,fee.structure,model_fee_structure,group_bursary_staff,1,0,0,0
access_fee_structure_student,fee.structure,model_fee_structure,group_registrar_student,1,0,0,0
access_fee_structure_bursar,fee.structure,model_fee_structure,group_bursar,1,1,1,0

access_academics_fees_bursar,academics.fees,model_academics_fees,group_bursar,1,1,1,1

access_housing_meal_fees_bursar,housing.meal.fees,model_housing_meal_fees,group_bursar,1,1,1,1

access_room_fees_bursar,room.fees,model_room_fees,group_bursar,1,1,1,1

access_refund_rule_bursar,refund.rule,model_refund_rule,group_bursary_staff,1,1,1,1

access_payment_plan_bursary_staff,bursar.payment.plan,model_bursar_payment_plan,group_bursary_staff,1,0,0,0
access_payment_plan_student,bursar.payment.plan,model_bursar_payment_plan,group_registrar_student,1,0,0,0
access_payment_plan_bursar,bursar.payment.plan,model_bursar_payment_plan,group_bursar,1,1,1,0

access_payment_plan_line_bursary_staff,bursar.payment.plan.line,model_bursar_payment_plan_line,group_bursary_staff,1,0,0,0
access_payment_plan_line_student,bursar.payment.plan.line,model_bursar_payment_plan_line,group_registrar_student,1,0,0,0
access_payment_plan_line_bursar,bursar.payment.plan.line,model_bursar_payment_plan_line,group_bursar,1,1,1,1

access_payment_plan_form_bursar,bursar.payment.plan.form,model_bursar_payment_plan_form,group_bursary_staff,1,1,1,0
access_payment_plan_form_student,bursar.payment.plan.form,model_bursar_payment_plan_form,group_registrar_student,1,1,1,0

access_payment_plan_form_line_bursar,bursar.payment.plan.form.line,model_bursar_payment_plan_form_line,group_bursary_staff,1,1,1,1
access_payment_plan_form_line_student,bursar.payment.plan.form.line,model_bursar_payment_plan_form_line,group_registrar_student,1,1,1,1

access_account_invoice_bursar,account.invoice,model_account_invoice,group_bursar,1,1,0,0

access_account_invoice_bursary_staff,account.invoice,model_account_invoice,group_bursary_staff,1,1,0,0

access_account_voucher_bursar,account.voucher,model_account_voucher,group_bursary_staff,1,1,1,0

access_account_voucher_line_bursar,account.voucher.line,account_voucher.model_account_voucher_line,group_bursary_staff,1,1,1,1

access_account_move_line_bursar,account.move.line,account.model_account_move_line,group_bursary_staff,1,1,1,0

access_account_move_reconcile_bursar,account.move.reconcile,account.model_account_move_reconcile,group_bursary_staff,1,1,1,0

access_account_move_bursar,account.move,account.model_account_move,group_bursary_staff,1,1,1,0

access_account_journal_period_bursar,account.journal.period,account.model_account_journal_period,group_bursary_staff,0,0,1,0

access_account_analytic_line_bursar,account.analytic.line,account.model_account_analytic_line,group_bursary_staff,1,0,1,1

access_account_period_bursar,account.period,account.model_account_period,group_bursary_staff,1,0,0,0

access_account_journal_bursar,account.journal,account.model_account_journal,group_bursary_staff,1,0,0,0

access_term_charges_charge,term.charges,model_term_charges,group_student_charge,1,1,1,0
access_term_charges_bursar,term.charges,model_term_charges,group_bursary_staff,1,1,1,1
access_term_charges_registrar,term.charges,model_term_charges,group_registrar_ass_registrar,1,0,0,0
access_term_charges_student,term.charges,model_term_charges,group_registrar_student,1,0,0,0

access_detail_category_code_bursar,detail.category.code,model_detail_category_code,group_bursar,1,1,1,0

access_detail_code_charge,detail.code,model_detail_code,group_student_charge,1,0,0,0
access_detail_code_bursar,detail.code,model_detail_code,group_bursar,1,1,1,0
